Model,MAE,RMSE,R2
Linear Regression (OLS),1.906312052857322,2.2465008712545873,0.9263610540382843
SGD Regressor,2.7601319176588315,3.4534062664272085,0.8259837817364685
