,city,model,MAE,RMSE,r2
0,Jiuquan,Linear Regression,2.0194839173657903e-29,4.4938668397781774e-15,1.0
1,Jiuquan,Decision Tree,5.036769249350195,2.244274771357152,0.86323526724406
2,Wuwei,Linear Regression,1.7165613297609216e-28,1.3101760682293513e-14,1.0
3,Wuwei,Decision Tree,14.965222828022528,3.8684910272640582,0.6936614030300474
4,Zhangye,Linear Regression,9.087677628146056e-29,9.532931148469528e-15,1.0
5,Zhangye,Decision Tree,19.383118776715527,4.402626349886568,0.5876771846999038
