model,MAE,RMSE,R2
LinearRegression,1.9063120528573145,2.2465008712545798,0.9263610540382847
DecisionTreeRegressor,7.571134895621822,9.797583351829887,-0.40065867231468655
